{
  "source": "WiTwin path.solve return_geometry=True",
  "reflection_field_backend": "drjit",
  "max_bounces": 2,
  "max_diffraction_order": 0,
  "num_samples": 4096,
  "max_num_paths": 64,
  "path_counts": {
    "total": 25,
    "los": 1,
    "one_reflection": 6,
    "two_reflections": 18
  },
  "tx_m": [
    -1.3,
    -0.7,
    1.2
  ],
  "rx_m": [
    1.5,
    0.8,
    1.2
  ],
  "types": [
    [
      0,
      0
    ],
    [
      1,
      0
    ],
    [
      1,
      0
    ],
    [
      1,
      0
    ],
    [
      1,
      0
    ],
    [
      1,
      1
    ],
    [
      1,
      1
    ],
    [
      1,
      0
    ],
    [
      1,
      1
    ],
    [
      1,
      1
    ],
    [
      1,
      0
    ],
    [
      1,
      1
    ],
    [
      1,
      1
    ],
    [
      1,
      1
    ],
    [
      1,
      1
    ],
    [
      1,
      1
    ],
    [
      1,
      1
    ],
    [
      1,
      1
    ],
    [
      1,
      1
    ],
    [
      1,
      1
    ],
    [
      1,
      1
    ],
    [
      1,
      1
    ],
    [
      1,
      1
    ],
    [
      1,
      1
    ],
    [
      1,
      1
    ]
  ],
  "vertices_m": [
    [
      [
        0.0,
        0.0,
        0.0
      ],
      [
        0.0,
        0.0,
        0.0
      ]
    ],
    [
      [
        0.10000002384185791,
        0.050000011920928955,
        0.0
      ],
      [
        0.0,
        0.0,
        0.0
      ]
    ],
    [
      [
        0.6384615898132324,
        2.0,
        1.2000000476837158
      ],
      [
        0.0,
        0.0,
        0.0
      ]
    ],
    [
      [
        0.10000018775463104,
        0.05000010132789612,
        3.0
      ],
      [
        0.0,
        0.0,
        0.0
      ]
    ],
    [
      [
        -0.4121951162815094,
        -2.0,
        1.2000000476837158
      ],
      [
        0.0,
        0.0,
        0.0
      ]
    ],
    [
      [
        0.10000002384185791,
        1.2499998807907104,
        3.097403578067315e-08
      ],
      [
        0.6384615898132324,
        2.0,
        0.46153852343559265
      ]
    ],
    [
      [
        -0.4121951162815094,
        -2.0,
        0.439024418592453
      ],
      [
        0.10000002384185791,
        -1.25,
        0.0
      ]
    ],
    [
      [
        3.0,
        0.4120689928531647,
        1.2000000476837158
      ],
      [
        0.0,
        0.0,
        0.0
      ]
    ],
    [
      [
        0.10000002384185791,
        1.2499998807907104,
        3.0
      ],
      [
        0.6384615898132324,
        2.0,
        2.307692289352417
      ]
    ],
    [
      [
        -0.4121951162815094,
        -2.0,
        2.341463327407837
      ],
      [
        0.10000018775463104,
        -1.249999761581421,
        3.0
      ]
    ],
    [
      [
        -3.0,
        -0.28870970010757446,
        1.2000000476837158
      ],
      [
        0.0,
        0.0,
        0.0
      ]
    ],
    [
      [
        1.5999997854232788,
        0.05000000074505806,
        -3.085867206209514e-08
      ],
      [
        3.0,
        0.4120689928531647,
        0.579310417175293
      ]
    ],
    [
      [
        -0.4599998891353607,
        -0.24999994039535522,
        3.0
      ],
      [
        0.940000057220459,
        0.5,
        -1.1920928955078125e-07
      ]
    ],
    [
      [
        -0.7400000691413879,
        -0.40000006556510925,
        -6.04561307682161e-08
      ],
      [
        0.6599999666213989,
        0.3499999940395355,
        3.0
      ]
    ],
    [
      [
        -3.0,
        -0.28870970010757446,
        0.5419355630874634
      ],
      [
        -1.5999999046325684,
        0.050000011920928955,
        0.0
      ]
    ],
    [
      [
        1.600000262260437,
        0.050000134855508804,
        3.0
      ],
      [
        3.0,
        0.4120689928531647,
        2.1310346126556396
      ]
    ],
    [
      [
        2.7153844833374023,
        2.0,
        1.2000000476837158
      ],
      [
        3.0,
        1.8086206912994385,
        1.2000000476837158
      ]
    ],
    [
      [
        -0.7399998307228088,
        -2.0,
        1.2000000476837158
      ],
      [
        0.9830769896507263,
        2.0,
        1.2000000476837158
      ]
    ],
    [
      [
        0.5390242338180542,
        -2.0,
        1.2000000476837158
      ],
      [
        3.0,
        -0.26034480333328247,
        1.2000000476837158
      ]
    ],
    [
      [
        -3.0,
        0.3693544864654541,
        1.2000000476837158
      ],
      [
        -0.4076921343803406,
        2.0,
        1.2000000476837158
      ]
    ],
    [
      [
        -3.0,
        -0.2887096703052521,
        2.18709659576416
      ],
      [
        -1.5999995470046997,
        0.05000010132789612,
        3.0
      ]
    ],
    [
      [
        -3.0,
        -1.8241935968399048,
        1.2000000476837158
      ],
      [
        -2.7341463565826416,
        -2.0,
        1.2000000476837158
      ]
    ],
    [
      [
        -3.0,
        -0.4228261113166809,
        1.2000000476837158
      ],
      [
        3.000000238418579,
        0.5554347634315491,
        1.2000000476837158
      ]
    ],
    [
      [
        -0.504210352897644,
        1.9999998807907104,
        1.2000000476837158
      ],
      [
        0.6747367978096008,
        -2.000000238418579,
        1.2000000476837158
      ]
    ],
    [
      [
        2.999999761581421,
        -0.26418909430503845,
        1.2000000476837158
      ],
      [
        -2.999999523162842,
        0.34391897916793823,
        1.2000000476837158
      ]
    ]
  ],
  "delays_ns": [
    10.59558391571045,
    13.279873847961426,
    16.014551162719727,
    16.014551162719727,
    16.561046600341797,
    17.904037475585938,
    18.394479751586914,
    19.983247756958008,
    20.016626358032227,
    20.45648193359375,
    21.277624130249023,
    21.52716636657715,
    22.645538330078125,
    22.645538330078125,
    22.733808517456055,
    23.313722610473633,
    23.313722610473633,
    23.607763290405273,
    23.692445755004883,
    24.43229103088379,
    24.43229103088379,
    24.793933868408203,
    31.093114852905273,
    33.03632736206055,
    49.620391845703125
  ],
  "coefficient_magnitudes": [
    0.0031293490901589394,
    0.00027812531334348023,
    0.00040868029464036226,
    0.00013601432146970183,
    7.335135887842625e-05,
    0.00023414099996443838,
    8.46123875817284e-05,
    9.716755448607728e-05,
    0.00014637668209616095,
    5.3316965932026505e-05,
    5.973804945824668e-06,
    2.3464182959287427e-05,
    0.00012498974683694541,
    7.684656156925485e-05,
    3.3467351840954507e-06,
    1.1803853340097703e-05,
    1.0996637684002053e-05,
    0.00012427892943378538,
    1.2185661944386084e-05,
    4.58189970231615e-06,
    1.746321800055739e-06,
    9.279259529648698e-07,
    1.4258988812798634e-05,
    4.207845631754026e-05,
    3.829383388165297e-07
  ]
}
