{
  "fixed": {
    "E_r_mean_m": 0.20225499750453263,
    "E_r_test_mean_m": 0.37960675748137784,
    "E_d_mean_m": 0.07299999999999998,
    "E_d_test_mean_m": 0.14999999999999997,
    "E_r_seed_mean_std_m": 0.0,
    "E_r_seed_means_m": [
      0.20225499750453263
    ],
    "E_r_by_time_m": [
      0.0,
      0.0,
      0.0,
      0.10564551202771558,
      0.0,
      0.11087699643810192,
      0.2849983117479523,
      0.10442095377604123,
      0.16045636971317817,
      0.3550010174970651,
      0.0,
      0.5325843963890324,
      0.36756114782830496,
      0.2651206787399859,
      0.14779261216903286,
      0.09221492383873137,
      0.3867282136481231,
      0.29181704234302,
      0.3072973775453358,
      0.5325843963890324
    ],
    "E_d_by_time_m": [
      0.0,
      0.0,
      0.0,
      0.020000000000000018,
      0.0,
      0.019999999999999907,
      0.10000000000000003,
      0.0,
      0.09999999999999998,
      0.2,
      0.0,
      0.19999999999999984,
      0.08000000000000002,
      0.030000000000000027,
      0.02999999999999997,
      0.0799999999999999,
      0.10000000000000003,
      0.15000000000000002,
      0.15000000000000002,
      0.19999999999999984
    ]
  },
  "noisy": {
    "E_r_mean_m": 0.05565171352735093,
    "E_r_test_mean_m": 0.05645714618051796,
    "E_d_mean_m": 0.03044604430009572,
    "E_d_test_mean_m": 0.03390035371126414,
    "E_r_seed_mean_std_m": 0.0028473743216875457,
    "E_r_seed_means_m": [
      0.05653009447059783,
      0.05794841998972207,
      0.05172741428059942,
      0.05371299233248803,
      0.0583396465633473
    ],
    "E_r_by_time_m": [
      0.07794072341699652,
      0.025119970501480404,
      0.01799985889974321,
      0.03764793261153687,
      0.03762050780671161,
      0.08500853612179879,
      0.0670617613108819,
      0.047294851498842085,
      0.06595118415755902,
      0.01647496749626285,
      0.08301072714972428,
      0.06316552506241804,
      0.03133605534573237,
      0.0578785386084392,
      0.06505570921111198,
      0.08720244998353358,
      0.03074725187014449,
      0.08623565615234315,
      0.027110218341862943,
      0.12073946386483314
    ],
    "E_d_by_time_m": [
      0.07161419334130043,
      0.0004011099273590335,
      0.017874052626321135,
      0.025843188153329533,
      0.019743168732636096,
      0.045885814155205984,
      0.06367932806837157,
      0.026327431025575943,
      0.00450039716924544,
      0.0007864619255547878,
      0.03617336703723578,
      0.02232327424652769,
      0.0237812438204949,
      0.029831145525416214,
      0.023465789386809044,
      0.04369451470957625,
      0.0047869709032485885,
      0.055573462620576164,
      0.01850399068360717,
      0.021813799544660895
    ]
  },
  "filtered": {
    "E_r_mean_m": 0.17884087651313776,
    "E_r_test_mean_m": 0.2829549920456256,
    "E_d_mean_m": 0.0949006813457415,
    "E_d_test_mean_m": 0.15198864928236397,
    "E_r_seed_mean_std_m": 0.0015909010785458808,
    "E_r_seed_means_m": [
      0.17688630577367265,
      0.1774811907310777,
      0.18061368136646003,
      0.1798604990072195,
      0.17936270568725882
    ],
    "E_r_by_time_m": [
      0.07199328878442078,
      0.023905274840811223,
      0.023065700545263308,
      0.09441524991222744,
      0.027147598517540616,
      0.1552825239247585,
      0.15881622037252316,
      0.08242298027305064,
      0.33609217998765345,
      0.14892727127305602,
      0.18109821598302114,
      0.4769110352153651,
      0.25127729920419695,
      0.09410340703045554,
      0.05260930045709866,
      0.19790171849906787,
      0.23257631252266206,
      0.42751989771855753,
      0.22507249997885284,
      0.27658814043287
    ],
    "E_d_by_time_m": [
      0.06682056827621957,
      0.022955003406062324,
      0.007110539469061539,
      0.029240732707062178,
      0.015632028518983543,
      0.07550113271176445,
      0.030432067593399226,
      0.06989948706468069,
      0.22288171656290529,
      0.0051827085952226015,
      0.17738939309983429,
      0.3229711131943022,
      0.019923220421723176,
      0.005184937182984073,
      0.025705054663991977,
      0.09646767699525688,
      0.01956766075433325,
      0.30330959917089806,
      0.04516665000926942,
      0.24462391777312276
    ]
  },
  "scalar": {
    "E_r_mean_m": 0.18543811906214702,
    "E_r_test_mean_m": 0.35840429605072804,
    "E_d_mean_m": 1.6653345369377347e-17,
    "E_d_test_mean_m": 2.7755575615628914e-17,
    "E_r_seed_mean_std_m": 0.0,
    "E_r_seed_means_m": [
      0.18543811906214702
    ],
    "E_r_by_time_m": [
      0.0,
      0.0,
      0.0,
      0.10110848382316039,
      0.0,
      0.11175148212033524,
      0.23112340486066582,
      0.10442095377604123,
      0.14029543195312935,
      0.20739542235058075,
      0.0,
      0.6045404940246808,
      0.3208752996325657,
      0.2533471950177947,
      0.15004451148784856,
      0.05024251799322608,
      0.32352593933655655,
      0.2935193878221904,
      0.21203136301948444,
      0.6045404940246808
    ],
    "E_d_by_time_m": [
      0.0,
      0.0,
      0.0,
      0.0,
      0.0,
      5.551115123125783e-17,
      0.0,
      0.0,
      0.0,
      0.0,
      0.0,
      1.1102230246251565e-16,
      0.0,
      0.0,
      0.0,
      5.551115123125783e-17,
      0.0,
      0.0,
      0.0,
      1.1102230246251565e-16
    ]
  }
}